{
  "name": "i_wanna_travel:structure_13ruine_7",
  "fallback": "minecraft:empty",
  "elements": [
    {
      "weight": 1,
      "element": {
        "element_type": "minecraft:single_pool_element",
        "location": "i_wanna_travel:structure13-ruine7",
        "projection": "rigid",
        "processors": {
          "processors": [
            {
              "processor_type": "minecraft:block_ignore",
              "blocks": [
                {
                  "Name": "minecraft:structure_block"
                },
                {
                  "Name": "minecraft:air"
                },
                {
                  "Name": "minecraft:void_air"
                },
                {
                  "Name": "minecraft:cave_air"
                }
              ]
            }
          ]
        }
      }
    }
  ]
}