{
  "type": "minecraft:jigsaw",
  "start_pool": "i_wanna_travel:structure_13ruine_7",
  "size": 1,
  "max_distance_from_center": 64,
  "spawn_overrides": {},
  "step": "surface_structures",
  "terrain_adaptation": "beard_thin",
  "start_height": {
    "absolute": 0
  },
  "project_start_to_heightmap": "WORLD_SURFACE_WG",
  "biomes": [
    "bamboo_jungle",
    "birch_forest",
    "cherry_grove",
    "dark_forest",
    "flower_forest",
    "forest",
    "jungle",
    "old_growth_birch_forest",
    "old_growth_pine_taiga",
    "old_growth_spruce_taiga",
    "snowy_taiga",
    "sparse_jungle",
    "taiga",
    "warped_forest",
    "windswept_forest",
    "plains"
  ],
  "use_expansion_hack": false
}