{
  "type": "minecraft:jigsaw",
  "start_pool": "i_wanna_travel:structure_35ilevillagept_1",
  "size": 1,
  "max_distance_from_center": 64,
  "spawn_overrides": {},
  "step": "surface_structures",
  "terrain_adaptation": "beard_box",
  "start_height": {
    "absolute": 0
  },
  "project_start_to_heightmap": "OCEAN_FLOOR_WG",
  "biomes": [
    "cold_ocean",
    "deep_cold_ocean",
    "deep_frozen_ocean",
    "deep_lukewarm_ocean",
    "deep_ocean",
    "frozen_ocean",
    "lukewarm_ocean",
    "ocean",
    "warm_ocean"
  ],
  "use_expansion_hack": false
}