{
  "type": "minecraft:jigsaw",
  "start_pool": "i_wanna_travel:structure_2tour",
  "size": 1,
  "max_distance_from_center": 64,
  "spawn_overrides": {},
  "step": "surface_structures",
  "terrain_adaptation": "beard_thin",
  "start_height": {
    "absolute": 0
  },
  "project_start_to_heightmap": "WORLD_SURFACE_WG",
  "biomes": [
    "badlands",
    "bamboo_jungle",
    "dark_forest",
    "desert",
    "eroded_badlands",
    "forest",
    "grove",
    "ice_spikes",
    "jagged_peaks",
    "jungle",
    "old_growth_birch_forest",
    "old_growth_pine_taiga",
    "old_growth_spruce_taiga",
    "snowy_slopes",
    "snowy_taiga",
    "stony_peaks",
    "taiga",
    "warped_forest",
    "windswept_forest",
    "windswept_gravelly_hills",
    "windswept_hills",
    "windswept_savanna",
    "wooded_badlands"
  ],
  "use_expansion_hack": false
}